[{"line":1,"uri":"file:src/test/java/features/Login.feature","id":"login---authentication-scenarios","keyword":"Feature","name":"Login - Authentication Scenarios","description":"  As a user\n  I want to login to the application\n  So that I can validate authentication with valid and invalid credentials","elements":[{"start_timestamp":"2026-02-18T13:41:52.481Z","line":7,"id":"login---authentication-scenarios;should-successfully-login-with-valid-credentials","type":"scenario","keyword":"Scenario","name":"Should successfully login with valid credentials","description":"","steps":[{"keyword":"Given ","line":8,"match":{"location":"stepdefinitions.login.LoginStepDefinitions.userIsOnLoginPage()"},"name":"the user is on the login page","result":{"duration":359959700,"status":"passed"}},{"keyword":"When ","line":9,"match":{"location":"stepdefinitions.login.LoginStepDefinitions.userEntersUsername(java.lang.String)","arguments":[{"val":"\"standard_user\"","offset":25}]},"name":"the user enters username \"standard_user\"","result":{"duration":109829100,"status":"passed"}},{"keyword":"And ","line":10,"match":{"location":"stepdefinitions.login.LoginStepDefinitions.userEntersPassword(java.lang.String)","arguments":[{"val":"\"secret_sauce\"","offset":25}]},"name":"the user enters password \"secret_sauce\"","result":{"duration":88147800,"status":"passed"}},{"keyword":"And ","line":11,"match":{"location":"stepdefinitions.login.LoginStepDefinitions.userClicksLoginButton()"},"name":"the user clicks the login button","result":{"duration":2129336200,"status":"passed"}},{"keyword":"Then ","line":12,"match":{"location":"stepdefinitions.login.LoginStepDefinitions.userIsRedirectedToInventoryPage()"},"name":"the user should be redirected to the inventory page","result":{"status":"passed"}}],"before":[{"match":{"location":"stepdefinitions.login.LoginStepDefinitions.setUp()"},"result":{"duration":678648100,"status":"passed"}}],"after":[{"match":{"location":"stepdefinitions.login.LoginStepDefinitions.tearDown()"},"result":{"duration":167123600,"status":"passed"}}],"tags":[{"name":"@login"},{"name":"@happy-path"},{"name":"@smoke"}]},{"start_timestamp":"2026-02-18T13:41:56.028Z","line":15,"id":"login---authentication-scenarios;should-fail-login-with-invalid-password","type":"scenario","keyword":"Scenario","name":"Should fail login with invalid password","description":"","steps":[{"keyword":"Given ","line":16,"match":{"location":"stepdefinitions.login.LoginStepDefinitions.userIsOnLoginPage()"},"name":"the user is on the login page","result":{"duration":335568600,"status":"passed"}},{"keyword":"When ","line":17,"match":{"location":"stepdefinitions.login.LoginStepDefinitions.userEntersUsername(java.lang.String)","arguments":[{"val":"\"standard_user\"","offset":25}]},"name":"the user enters username \"standard_user\"","result":{"duration":100615400,"status":"passed"}},{"keyword":"And ","line":18,"match":{"location":"stepdefinitions.login.LoginStepDefinitions.userEntersInvalidPasswordFromFaker()"},"name":"the user enters an invalid password generated by Faker","result":{"duration":62847100,"status":"passed"}},{"keyword":"And ","line":19,"match":{"location":"stepdefinitions.login.LoginStepDefinitions.userClicksLoginButton()"},"name":"the user clicks the login button","result":{"duration":2081291900,"status":"passed"}},{"keyword":"Then ","line":20,"match":{"location":"stepdefinitions.login.LoginStepDefinitions.errorMessageShouldBeDisplayed()"},"name":"an error message should be displayed","result":{"duration":15869900,"status":"passed"}},{"keyword":"And ","line":21,"match":{"location":"stepdefinitions.login.LoginStepDefinitions.errorMessageShouldContain(java.lang.String)","arguments":[{"val":"\"Epic sadface\"","offset":33}]},"name":"the error message should contain \"Epic sadface\"","result":{"duration":16569000,"status":"passed"}},{"keyword":"And ","line":22,"match":{"location":"stepdefinitions.login.LoginStepDefinitions.errorIconsShouldBeVisible()"},"name":"error icons should be visible","result":{"duration":15755300,"status":"passed"}},{"keyword":"And ","line":23,"match":{"location":"stepdefinitions.login.LoginStepDefinitions.bothFieldsShouldHaveErrorStyling()"},"name":"both username and password fields should have error styling","result":{"duration":24284100,"status":"passed"}}],"before":[{"match":{"location":"stepdefinitions.login.LoginStepDefinitions.setUp()"},"result":{"duration":695042300,"status":"passed"}}],"after":[{"match":{"location":"stepdefinitions.login.LoginStepDefinitions.tearDown()"},"result":{"duration":129997100,"status":"passed"}}],"tags":[{"name":"@login"},{"name":"@negative"},{"name":"@invalid-password"}]},{"start_timestamp":"2026-02-18T13:41:59.506Z","line":26,"id":"login---authentication-scenarios;should-fail-login-with-invalid-username","type":"scenario","keyword":"Scenario","name":"Should fail login with invalid username","description":"","steps":[{"keyword":"Given ","line":27,"match":{"location":"stepdefinitions.login.LoginStepDefinitions.userIsOnLoginPage()"},"name":"the user is on the login page","result":{"duration":404559200,"status":"passed"}},{"keyword":"When ","line":28,"match":{"location":"stepdefinitions.login.LoginStepDefinitions.userEntersInvalidUsernameFromFaker()"},"name":"the user enters an invalid username generated by Faker","result":{"duration":171693900,"status":"passed"}},{"keyword":"And ","line":29,"match":{"location":"stepdefinitions.login.LoginStepDefinitions.userEntersPassword(java.lang.String)","arguments":[{"val":"\"secret_sauce\"","offset":25}]},"name":"the user enters password \"secret_sauce\"","result":{"duration":88043700,"status":"passed"}},{"keyword":"And ","line":30,"match":{"location":"stepdefinitions.login.LoginStepDefinitions.userClicksLoginButton()"},"name":"the user clicks the login button","result":{"duration":2105018800,"status":"passed"}},{"keyword":"Then ","line":31,"match":{"location":"stepdefinitions.login.LoginStepDefinitions.errorMessageShouldBeDisplayed()"},"name":"an error message should be displayed","result":{"duration":19895600,"status":"passed"}},{"keyword":"And ","line":32,"match":{"location":"stepdefinitions.login.LoginStepDefinitions.errorMessageShouldContain(java.lang.String)","arguments":[{"val":"\"Username and password do not match\"","offset":33}]},"name":"the error message should contain \"Username and password do not match\"","result":{"duration":30541800,"status":"passed"}},{"keyword":"And ","line":33,"match":{"location":"stepdefinitions.login.LoginStepDefinitions.bothFieldsShouldHaveErrorStyling()"},"name":"both username and password fields should have error styling","result":{"duration":33825600,"status":"passed"}},{"keyword":"And ","line":34,"match":{"location":"stepdefinitions.login.LoginStepDefinitions.errorIconsShouldBeVisible()"},"name":"error icons should be visible","result":{"duration":1928700,"status":"passed"}},{"keyword":"And ","line":35,"match":{"location":"stepdefinitions.login.LoginStepDefinitions.userShouldRemainOnLoginPage()"},"name":"the user should remain on the login page","result":{"duration":10439700,"status":"passed"}}],"before":[{"match":{"location":"stepdefinitions.login.LoginStepDefinitions.setUp()"},"result":{"duration":647232700,"status":"passed"}}],"after":[{"match":{"location":"stepdefinitions.login.LoginStepDefinitions.tearDown()"},"result":{"duration":114688200,"status":"passed"}}],"tags":[{"name":"@login"},{"name":"@negative"},{"name":"@invalid-username"}]}],"tags":[]}]